<?xml version="1.0" encoding="UTF-8"?>
<!DOCTYPE mapper PUBLIC "-//mybatis.org//DTD Mapper 3.0//EN"
        "http://mybatis.org/dtd/mybatis-3-mapper.dtd">
<mapper namespace="com.devoops.rentalbrain.approval.query.mapper.ApprovalQueryMapper">
    <select id="getApprovalStatus"
            parameterType="long"
            resultType="com.devoops.rentalbrain.approval.query.dto.ApprovalStatusDTO">
        SELECT
            /* =========================
               1. 내가 대기 중인 결재
               ========================= */
            (
                SELECT COUNT(DISTINCT m.approval_id)
                FROM approval_mapping m
                WHERE m.emp_id = #{empId}
                  AND m.is_approved = 'U'
                  AND NOT EXISTS (
                    SELECT 1
                    FROM approval_mapping x
                    WHERE x.approval_id = m.approval_id
                      AND x.is_approved = 'N'
                )
            ) AS my_pending,

            /* =========================
               2. 총 승인된 결재 (모두 Y)
               ========================= */
            (
                SELECT COUNT(*)
                FROM (
                         SELECT approval_id
                         FROM approval_mapping
                         GROUP BY approval_id
                         HAVING SUM(
                                        CASE WHEN is_approved != 'Y' THEN 1 ELSE 0 END
                                ) = 0
                     ) t
            ) AS total_approved,

            /* =========================
               3. 총 반려된 결재 (N 하나라도)
               ========================= */
            (
                SELECT COUNT(*)
                FROM (
                         SELECT approval_id
                         FROM approval_mapping
                         GROUP BY approval_id
                         HAVING SUM(
                                        CASE WHEN is_approved = 'N' THEN 1 ELSE 0 END
                                ) > 0
                     ) t
            ) AS total_rejected,

            /* =========================
               4. 결재 진행 중 (R 없음 + P 존재)
               ========================= */
            (
                SELECT COUNT(*)
                FROM (
                         SELECT approval_id
                         FROM approval_mapping
                         GROUP BY approval_id
                         HAVING
                             SUM(CASE WHEN is_approved = 'N' THEN 1 ELSE 0 END) = 0
                            AND SUM(CASE WHEN is_approved = 'U' THEN 1 ELSE 0 END) > 0
                     ) t
            ) AS in_progress
    </select>

    <select id="selectPendingApprovalsByEmpIdWithPaging"
            parameterType="map"
            resultType="com.devoops.rentalbrain.approval.query.dto.PendingApprovalDTO">

        SELECT
        v.approval_mapping_id   AS approvalMappingId,
        v.approver_emp_id       AS approverEmpId,
        v.approval_step         AS approvalStep,
        v.is_approved           AS isApproved,
        v.approval_code         AS approvalCode,
        v.approval_title        AS approvalTitle,
        v.request_date          AS requestDate,
        v.request_emp_id        AS requestEmpId,
        v.employee_code         AS employeeCode,
        v.employee_name         AS employeeName,
        v.position_name         AS positionName
        FROM v_approval_payment_manage v
        WHERE v.approver_emp_id = #{empId}
        AND v.is_approved = 'U'
          <![CDATA[
        AND NOT EXISTS (
        SELECT 1
        FROM v_approval_payment_manage prev
        WHERE prev.approval_code = v.approval_code
        AND prev.approval_step < v.approval_step
                                 AND prev.is_approved != 'Y'
        )
          ]]>
        <if test="criteria.keyword != null and criteria.keyword != ''">
            AND (
            v.approval_code LIKE CONCAT('%', #{criteria.keyword}, '%')
            OR v.approval_title LIKE CONCAT('%', #{criteria.keyword}, '%')
            )
        </if>

        ORDER BY v.request_date DESC
        LIMIT #{criteria.amount}
        OFFSET #{criteria.offset}

    </select>
    <select id="countPendingApprovalsByEmpId"
            parameterType="map"
            resultType="long">

        SELECT COUNT(*)
        FROM v_approval_payment_manage v
        WHERE v.approver_emp_id = #{empId}
        AND v.is_approved = 'U'
        <![CDATA[
        AND NOT EXISTS (
        SELECT 1
        FROM v_approval_payment_manage prev
        WHERE prev.approval_code = v.approval_code
        AND prev.approval_step < v.approval_step
                                 AND prev.is_approved != 'Y'
        )
          ]]>
        <if test="criteria.keyword != null and criteria.keyword != ''">
            AND (
            v.approval_code LIKE CONCAT('%', #{criteria.keyword}, '%')
            OR v.approval_title LIKE CONCAT('%', #{criteria.keyword}, '%')
            )
        </if>
    </select>
    <select id="selectInProgressApprovals"
            parameterType="map"
            resultType="com.devoops.rentalbrain.approval.query.dto.ApprovalProgressDTO">

        SELECT
        approval_code,
        approval_title,
        MIN(request_date) AS requestDate,

        /* 진행률 */
        COUNT(*) AS totalStep,
        SUM(CASE WHEN is_approved = 'Y' THEN 1 ELSE 0 END) AS approvedStep,
        ROUND(
        SUM(CASE WHEN is_approved = 'Y' THEN 1 ELSE 0 END)
        / COUNT(*) * 100
        ) AS progressRate,

        /* 다음 승인자 */
        MAX(
        CASE
        WHEN is_approved = 'U'
        AND approval_step = (
        SELECT MIN(approval_step)
        FROM v_approval_payment_manage sub
        WHERE sub.approval_code = v.approval_code
        AND sub.is_approved = 'U'
        )
        THEN approver_name
        END
        ) AS nextApproverName,

        MAX(
        CASE
        WHEN is_approved = 'U'
        AND approval_step = (
        SELECT MIN(approval_step)
        FROM v_approval_payment_manage sub
        WHERE sub.approval_code = v.approval_code
        AND sub.is_approved = 'U'
        )
        THEN approver_position_name
        END
        ) AS nextApproverPosition

        FROM v_approval_payment_manage v
        WHERE approval_code IN (
        SELECT approval_code
        FROM v_approval_payment_manage
        WHERE approver_emp_id = #{empId}
        )
        AND approval_status = 'P'

        -- 반려된 결재 문서 제외
        AND NOT EXISTS (
        SELECT 1
        FROM v_approval_payment_manage x
        WHERE x.approval_code = v.approval_code
        AND x.is_approved = 'N'
        )
        <!--
         검색 조건 -->
        <if test="criteria.keyword != null and criteria.keyword != ''">
            AND (
            approval_code LIKE CONCAT('%', #{criteria.keyword}, '%')
            OR approval_title LIKE CONCAT('%', #{criteria.keyword}, '%')
            )
        </if>

        GROUP BY approval_code, approval_title
        ORDER BY requestDate DESC
        LIMIT #{criteria.amount}
        OFFSET #{criteria.offset}

    </select>
    <select id="countInProgressApprovals"
            parameterType="map"
            resultType="long">

        SELECT COUNT(DISTINCT v.approval_code)
        FROM v_approval_payment_manage v
        WHERE v.approval_code IN (
        SELECT approval_code
        FROM v_approval_payment_manage
        WHERE approver_emp_id = #{empId}
        )
        AND v.approval_status = 'P'

        -- 반려된 결재 문서 제외
        AND NOT EXISTS (
        SELECT 1
        FROM v_approval_payment_manage x
        WHERE x.approval_code = v.approval_code
        AND x.is_approved = 'N'
        )

        <if test="criteria.keyword != null and criteria.keyword != ''">
            AND (
            approval_code LIKE CONCAT('%', #{criteria.keyword}, '%')
            OR approval_title LIKE CONCAT('%', #{criteria.keyword}, '%')
            )
        </if>
    </select>
    <select id="selectCompletedApprovals"
            parameterType="map"
            resultType="com.devoops.rentalbrain.approval.query.dto.ApprovalCompletedDTO">

        SELECT
        v.approval_code        AS approvalCode,
        v.approval_title       AS approvalTitle,

        MIN(v.request_date)    AS requestDate,
        MAX(v.approval_date)   AS lastProcessDate,

        v.reject_reason        AS rejectReason,
        /* 결과 상태 */
        CASE
        WHEN SUM(CASE WHEN v.is_approved IN ('N','R') THEN 1 ELSE 0 END) > 0
        THEN 'REJECTED'
        ELSE 'APPROVED'
        END AS resultStatus

        FROM v_approval_payment_manage v

        <where>
            <!-- 로그인 사용자 기준 -->
            v.approver_emp_id = #{empId}

            <!-- 완료 조건 -->
            AND (
            /* 거절이 하나라도 있으면 완료 */
            EXISTS (
            SELECT 1
            FROM v_approval_payment_manage sub
            WHERE sub.approval_code = v.approval_code
            AND sub.is_approved IN ('N','R')
            )
            OR
            /* 미처리(U)가 하나도 없으면 완료 */
            NOT EXISTS (
            SELECT 1
            FROM v_approval_payment_manage sub
            WHERE sub.approval_code = v.approval_code
            AND sub.is_approved = 'U'
            )
            )

            <!-- 검색 -->
            <if test="criteria.keyword != null and criteria.keyword != ''">
                <choose>
                    <when test="criteria.type == 'code'">
                        AND v.approval_code LIKE CONCAT('%', #{criteria.keyword}, '%')
                    </when>
                    <when test="criteria.type == 'title'">
                        AND v.approval_title LIKE CONCAT('%', #{criteria.keyword}, '%')
                    </when>
                    <otherwise>
                        AND (
                        v.approval_code LIKE CONCAT('%', #{criteria.keyword}, '%')
                        OR v.approval_title LIKE CONCAT('%', #{criteria.keyword}, '%')
                        )
                    </otherwise>
                </choose>
            </if>
        </where>

        GROUP BY v.approval_code, v.approval_title
        ORDER BY lastProcessDate DESC
        LIMIT #{criteria.amount}
        OFFSET #{criteria.offset}

    </select>
    <select id="countCompletedApprovals"
            parameterType="map"
            resultType="long">

        SELECT COUNT(*)
        FROM (
        SELECT v.approval_code
        FROM v_approval_payment_manage v

        <where>
            v.approver_emp_id = #{empId}

            AND (
            EXISTS (
            SELECT 1
            FROM v_approval_payment_manage sub
            WHERE sub.approval_code = v.approval_code
            AND sub.is_approved IN ('N','R')
            )
            OR
            NOT EXISTS (
            SELECT 1
            FROM v_approval_payment_manage sub
            WHERE sub.approval_code = v.approval_code
            AND sub.is_approved = 'U'
            )
            )

            <if test="criteria.keyword != null and criteria.keyword != ''">
                <choose>
                    <when test="criteria.type == 'code'">
                        AND v.approval_code LIKE CONCAT('%', #{criteria.keyword}, '%')
                    </when>
                    <when test="criteria.type == 'title'">
                        AND v.approval_title LIKE CONCAT('%', #{criteria.keyword}, '%')
                    </when>
                    <otherwise>
                        AND (
                        v.approval_code LIKE CONCAT('%', #{criteria.keyword}, '%')
                        OR v.approval_title LIKE CONCAT('%', #{criteria.keyword}, '%')
                        )
                    </otherwise>
                </choose>
            </if>
        </where>

        GROUP BY v.approval_code
        ) completed
    </select>


</mapper>